{"add":{"doc":{"id":"42c5011d-50e1-4909-8a1c-9824be5bba3a","Category":"Topic","CQRCid":"3742","Tag":"Abortion & Contraception","Contributor":"CQ/Roll Call","Private":"false","Weight":"1"}},
	"add":{"doc":{"id":"9c73cae2-c813-4807-99fa-a5434acbe2e7","Category":"Topic","CQRCid":"3743","Tag":"Afghanistan","Contributor":"CQ/Roll Call","Private":"false","Weight":"1"}},
	"add":{"doc":{"id":"fa39453c-0c2e-4c98-a365-87958d3000f6","Category":"Topic","CQRCid":"3744","Tag":"Agriculture Appropriations/Spending/Budget","Contributor":"CQ/Roll Call","Private":"false","Weight":"1"}},
	"add":{"doc":{"id":"fdf919e2-bd6d-4ea0-82fe-202659323f6c","Category":"Topic","CQRCid":"3746","Tag":"Amtrak & Passenger Rail","Contributor":"CQ/Roll Call","Private":"false","Weight":"1"}},
	"add":{"doc":{"id":"0a18ca73-2916-437b-a965-4de7997ba71f","Category":"Topic","CQRCid":"3748","Tag":"Aviation","Contributor":"CQ/Roll Call","Private":"false","Weight":"1"}},
	"add":{"doc":{"id":"d22d0b9e-a7cb-4858-8b3b-19f80eea5062","Category":"Topic","CQRCid":"3749","Tag":"Base Realignment & Closure","Contributor":"CQ/Roll Call","Private":"false","Weight":"1"}},
	"add":{"doc":{"id":"c477f58e-724f-4d59-9721-83113611d87a","Category":"Topic","CQRCid":"3751","Tag":"Border Control","Contributor":"CQ/Roll Call","Private":"false","Weight":"1"}},
	"add":{"doc":{"id":"4bf4d52c-456d-4c7b-b136-3ec3c92a9dde","Category":"Topic","CQRCid":"6864","Tag":"CHIP Children's Health Insurance Program","Contributor":"CQ/Roll Call","Private":"false","Weight":"1"}},
	"add":{"doc":{"id":"58837531-5ece-4156-a627-27941e96e914","Category":"Topic","CQRCid":"3755","Tag":"Coal","Contributor":"CQ/Roll Call","Private":"false","Weight":"1"}},
	"add":{"doc":{"id":"9b971c58-1c13-423b-8f8d-a45174157dbf","Category":"Topic","CQRCid":"3756","Tag":"Commerce-Justice-Science Appropriations/Spending/Budget","Contributor":"CQ/Roll Call","Private":"false","Weight":"1"}},
	"add":{"doc":{"id":"a1476507-6340-4415-8bd2-c1382830e035","Category":"Topic","CQRCid":"6862","Tag":"Common Core","Contributor":"CQ/Roll Call","Private":"false","Weight":"1"}},
	"add":{"doc":{"id":"decc4f48-7888-4dec-830f-fc188ca7fa6b","Category":"Topic","CQRCid":"5862","Tag":"Continuing Resolution","Contributor":"CQ/Roll Call","Private":"false","Weight":"1"}},
	"add":{"doc":{"id":"f8434432-bb3e-4796-9969-b51470dfdf6e","Category":"Topic","CQRCid":"3757","Tag":"Cybersecurity","Contributor":"CQ/Roll Call","Private":"false","Weight":"1"}},
	"add":{"doc":{"id":"0d6322a4-a130-4b6a-be4d-f2f1312f6d02","Category":"Topic","CQRCid":"3758","Tag":"Defense Appropriations/Spending/Budget","Contributor":"CQ/Roll Call","Private":"false","Weight":"1"}},
	"add":{"doc":{"id":"75efffc9-bdda-427f-8a1b-cd6abdd896da","Category":"Topic","CQRCid":"3760","Tag":"Deficit & Debt Limit","Contributor":"CQ/Roll Call","Private":"false","Weight":"1"}},
	"add":{"doc":{"id":"e66a7b4a-bcb1-4c5b-90e2-0eca6f7e9425","Category":"Topic","CQRCid":"3763","Tag":"Doc Fix","Contributor":"CQ/Roll Call","Private":"false","Weight":"1"}},
	"add":{"doc":{"id":"da28b681-6b72-4519-a8f0-9b93ceb69a3f","Category":"Topic","CQRCid":"3863","Tag":"Drones","Contributor":"CQ/Roll Call","Private":"false","Weight":"1"}},
	"add":{"doc":{"id":"f8ad8017-45b7-4752-8d9f-2dfc580c29dd","Category":"Topic","CQRCid":"3865","Tag":"EPA","Contributor":"CQ/Roll Call","Private":"false","Weight":"1"}},
	"add":{"doc":{"id":"29e2b599-e410-4900-a4c1-7a552e15006f","Category":"Topic","CQRCid":"3741","Tag":"Education K-12","Contributor":"CQ/Roll Call","Private":"false","Weight":"1"}},
	"add":{"doc":{"id":"47122b94-9471-4ad6-92f4-1b5cc23c12ba","Category":"Topic","CQRCid":"3762","Tag":"Emergency Management","Contributor":"CQ/Roll Call","Private":"false","Weight":"1"}},
	"add":{"doc":{"id":"324f3d23-3c62-487a-9807-c8b696e21d98","Category":"Topic","CQRCid":"3864","Tag":"Energy Regulation","Contributor":"CQ/Roll Call","Private":"false","Weight":"1"}},
	"add":{"doc":{"id":"bebc5b23-6936-4110-85c3-965ee2d510b5","Category":"Topic","CQRCid":"3770","Tag":"Energy-Water Appropriations/Spending/Budget","Contributor":"CQ/Roll Call","Private":"false","Weight":"1"}},
	"add":{"doc":{"id":"a47f6bb8-2daa-41b3-956b-f63eb7c05f64","Category":"Topic","CQRCid":"3773","Tag":"FDA","Contributor":"CQ/Roll Call","Private":"false","Weight":"1"}},
	"add":{"doc":{"id":"d078ed14-c234-4132-85f7-8776912a6d5f","Category":"Topic","CQRCid":"3772","Tag":"Farm Bill","Contributor":"CQ/Roll Call","Private":"false","Weight":"1"}},
	"add":{"doc":{"id":"0aaa0cca-d079-4cb5-9f83-44ad6ce971bd","Category":"Topic","CQRCid":"3752","Tag":"Federal Budget","Contributor":"CQ/Roll Call","Private":"false","Weight":"1"}},
	"add":{"doc":{"id":"3da30b20-0daf-4e71-b7c6-0ab0ca7f9320","Category":"Topic","CQRCid":"6863","Tag":"Filibuster","Contributor":"CQ/Roll Call","Private":"false","Weight":"1"}},
	"add":{"doc":{"id":"9ee16139-4b9c-4b1b-8a10-d6c7fc75f3a1","Category":"Topic","CQRCid":"3761","Tag":"Financial Regulation","Contributor":"CQ/Roll Call","Private":"false","Weight":"1"}},
	"add":{"doc":{"id":"c81fd846-603d-4f47-891d-ba784ee8a1db","Category":"Topic","CQRCid":"3774","Tag":"Financial Services Appropriations/Spending/Budget","Contributor":"CQ/Roll Call","Private":"false","Weight":"1"}},
	"add":{"doc":{"id":"7aab3126-f30b-43a7-bcd6-b2b51f4563b9","Category":"Topic","CQRCid":"3776","Tag":"Food Safety","Contributor":"CQ/Roll Call","Private":"false","Weight":"1"}},
	"add":{"doc":{"id":"db471031-57d8-47f2-9db4-14457e89a710","Category":"Topic","CQRCid":"3866","Tag":"Government-Sponsored Enterprises","Contributor":"CQ/Roll Call","Private":"false","Weight":"1"}},
	"add":{"doc":{"id":"efc9792b-3c41-47a1-a44e-18f136030c2c","Category":"Topic","CQRCid":"5402","Tag":"Health Care Law","Contributor":"CQ/Roll Call","Private":"false","Weight":"1"}},
	"add":{"doc":{"id":"6e157c74-0e5b-4066-b460-09ac7e7c5053","Category":"Topic","CQRCid":"3779","Tag":"Higher Education Act Reauthorization","Contributor":"CQ/Roll Call","Private":"false","Weight":"1"}},
	"add":{"doc":{"id":"2c68bb64-c8a2-401f-ac85-9d0c0fd952fa","Category":"Topic","CQRCid":"3780","Tag":"Highway Bill","Contributor":"CQ/Roll Call","Private":"false","Weight":"1"}},
	"add":{"doc":{"id":"f9140cb8-5ca0-4c9a-aaf8-4bb2b102dbe6","Category":"Topic","CQRCid":"3782","Tag":"Homeland Security Appropriations/Spending/Budget","Contributor":"CQ/Roll Call","Private":"false","Weight":"1"}},
	"add":{"doc":{"id":"98d773c0-6efd-4bc7-bb94-cf014a4c93ec","Category":"Topic","CQRCid":"3784","Tag":"Immigration","Contributor":"CQ/Roll Call","Private":"false","Weight":"1"}},
	"add":{"doc":{"id":"e8afbbfe-e700-47fe-b067-cc96b118fdf9","Category":"Topic","CQRCid":"3785","Tag":"Intelligence Authorization","Contributor":"CQ/Roll Call","Private":"false","Weight":"1"}},
	"add":{"doc":{"id":"bc7513c6-11b0-43bd-8832-b14ef4d72568","Category":"Topic","CQRCid":"3786","Tag":"Interior-Environment Appropriations/Spending/Budget","Contributor":"CQ/Roll Call","Private":"false","Weight":"1"}},
	"add":{"doc":{"id":"30c3c394-a56b-4fd4-9748-f985b821360d","Category":"Topic","CQRCid":"3787","Tag":"Iran","Contributor":"CQ/Roll Call","Private":"false","Weight":"1"}},
	"add":{"doc":{"id":"e55c865b-5a5e-454b-bb3e-93ee8ed4693d","Category":"Topic","CQRCid":"5401","Tag":"Iraq","Contributor":"CQ/Roll Call","Private":"false","Weight":"1"}},
	"add":{"doc":{"id":"a7ed5a5a-a3c2-4bae-8b03-092a5e5fe126","Category":"Topic","CQRCid":"6821","Tag":"Keystone XL Pipeline","Contributor":"CQ/Roll Call","Private":"false","Weight":"1"}},
	"add":{"doc":{"id":"018f3ad0-c41c-4951-a9fc-61a8bff71e60","Category":"Topic","CQRCid":"3790","Tag":"Labor-HHS-Education Appropriations/Spending/Budget","Contributor":"CQ/Roll Call","Private":"false","Weight":"1"}},
	"add":{"doc":{"id":"a5ed510a-7c2a-4325-846c-bdfac8b4701d","Category":"Topic","CQRCid":"3791","Tag":"Legislative Branch Appropriations/Spending/Budget","Contributor":"CQ/Roll Call","Private":"false","Weight":"1"}},
	"add":{"doc":{"id":"ef21fcff-fbd9-4637-ad07-ed6793bc6728","Category":"Topic","CQRCid":"3867","Tag":"Marijuana","Contributor":"CQ/Roll Call","Private":"false","Weight":"1"}},
	"add":{"doc":{"id":"dbc3e59e-4998-4c87-853e-41f2b5e107fe","Category":"Topic","CQRCid":"3793","Tag":"Medicaid","Contributor":"CQ/Roll Call","Private":"false","Weight":"1"}},
	"add":{"doc":{"id":"9662a91e-e205-474b-9e9f-e1a112b5911b","Category":"Topic","CQRCid":"3795","Tag":"Medicare","Contributor":"CQ/Roll Call","Private":"false","Weight":"1"}},
	"add":{"doc":{"id":"8cc59bb1-5610-49d1-bbce-819df5a5b750","Category":"Topic","CQRCid":"3796","Tag":"Mental Health","Contributor":"CQ/Roll Call","Private":"false","Weight":"1"}},
	"add":{"doc":{"id":"e3e27a82-38cb-48d4-ae21-ce76d4995914","Category":"Topic","CQRCid":"3798","Tag":"Military Construction-VA Appropriations/Spending/Budget","Contributor":"CQ/Roll Call","Private":"false","Weight":"1"}},
	"add":{"doc":{"id":"3f7b69c6-941e-4095-a9e7-72caffd8774e","Category":"Topic","CQRCid":"3800","Tag":"Minimum Wage","Contributor":"CQ/Roll Call","Private":"false","Weight":"1"}},
	"add":{"doc":{"id":"a21b9d94-5f2b-4a60-b876-8b9de993c101","Category":"Topic","CQRCid":"3804","Tag":"NSA","Contributor":"CQ/Roll Call","Private":"false","Weight":"1"}},
	"add":{"doc":{"id":"d3724316-a996-47d9-9d06-1a3da00a66f6","Category":"Topic","CQRCid":"6865","Tag":"National Institutes of Health","Contributor":"CQ/Roll Call","Private":"false","Weight":"1"}},
	"add":{"doc":{"id":"df913fc7-0c8f-480d-a043-6563414e00d2","Category":"Topic","CQRCid":"3805","Tag":"Nuclear Energy","Contributor":"CQ/Roll Call","Private":"false","Weight":"1"}},
	"add":{"doc":{"id":"973caefb-8fb9-4d7d-bbf2-4ba131b68fa4","Category":"Topic","CQRCid":"3806","Tag":"Nuclear Weapons","Contributor":"CQ/Roll Call","Private":"false","Weight":"1"}},
	"add":{"doc":{"id":"e7126ee0-cd31-4d9d-b0f7-0a00c84986ed","Category":"Topic","CQRCid":"3809","Tag":"Oil & Natural Gas","Contributor":"CQ/Roll Call","Private":"false","Weight":"1"}},
	"add":{"doc":{"id":"610fad27-2eda-4ae2-8e37-fbee31807347","Category":"Topic","CQRCid":"3810","Tag":"Online Sales Taxes","Contributor":"CQ/Roll Call","Private":"false","Weight":"1"}},
	"add":{"doc":{"id":"1999a625-1369-4fcc-9759-201f038c06cc","Category":"Topic","CQRCid":"3812","Tag":"Patents","Contributor":"CQ/Roll Call","Private":"false","Weight":"1"}},
	"add":{"doc":{"id":"aea568e0-3b6b-460f-ab27-1f7257ac8865","Category":"Topic","CQRCid":"6121","Tag":"Postal Service","Contributor":"CQ/Roll Call","Private":"false","Weight":"1"}},
	"add":{"doc":{"id":"fc91ea90-61fd-4802-862f-bd0e0b33ffda","Category":"Topic","CQRCid":"3816","Tag":"Prison Sentencing","Contributor":"CQ/Roll Call","Private":"false","Weight":"1"}},
	"add":{"doc":{"id":"3c529e43-c766-4d8f-b846-059d97471a03","Category":"Topic","CQRCid":"3818","Tag":"Public Transit","Contributor":"CQ/Roll Call","Private":"false","Weight":"1"}},
	"add":{"doc":{"id":"a73d2cb6-18c6-47ea-ab08-83019079e60d","Category":"Topic","CQRCid":"6867","Tag":"Russia","Contributor":"CQ/Roll Call","Private":"false","Weight":"1"}},
	"add":{"doc":{"id":"66658c02-29a1-409a-8a9c-7d0730fcf1d2","Category":"Topic","CQRCid":"3882","Tag":"SNAP Supplemental Nutrition Assistance Program","Contributor":"CQ/Roll Call","Private":"false","Weight":"1"}},
	"add":{"doc":{"id":"3416b8ce-401a-45c1-bf8d-b9b8e31e58be","Category":"Topic","CQRCid":"3821","Tag":"Same-Sex Marriage","Contributor":"CQ/Roll Call","Private":"false","Weight":"1"}},
	"add":{"doc":{"id":"84c89ef1-8638-47f4-bc73-a66541ddc537","Category":"Topic","CQRCid":"3822","Tag":"Sequester","Contributor":"CQ/Roll Call","Private":"false","Weight":"1"}},
	"add":{"doc":{"id":"accc1a6d-8600-484b-ae81-b078e281bd93","Category":"Topic","CQRCid":"3823","Tag":"Social Security","Contributor":"CQ/Roll Call","Private":"false","Weight":"1"}},
	"add":{"doc":{"id":"11a8fadf-4f59-4686-bc0c-a43b32300f4c","Category":"Topic","CQRCid":"3825","Tag":"State-Foreign Operations Appropriations/Spending/Budget","Contributor":"CQ/Roll Call","Private":"false","Weight":"1"}},
	"add":{"doc":{"id":"d76aa187-7ed2-47f0-990b-34807bc99d07","Category":"Topic","CQRCid":"3826","Tag":"Student Loans","Contributor":"CQ/Roll Call","Private":"false","Weight":"1"}},
	"add":{"doc":{"id":"121a3371-7dd7-43f9-8013-5053df72811a","Category":"Topic","CQRCid":"3828","Tag":"Syria","Contributor":"CQ/Roll Call","Private":"false","Weight":"1"}},
	"add":{"doc":{"id":"3d5cc6d8-6067-4de9-a9d5-e792b0577aab","Category":"Topic","CQRCid":"3829","Tag":"Tax Law","Contributor":"CQ/Roll Call","Private":"false","Weight":"1"}},
	"add":{"doc":{"id":"a076c2cb-6791-4dbb-ad59-f31688996afe","Category":"Topic","CQRCid":"6866","Tag":"Tobacco Regulation","Contributor":"CQ/Roll Call","Private":"false","Weight":"1"}},
	"add":{"doc":{"id":"7a2a8198-5829-43bc-9099-03147c6b71d4","Category":"Topic","CQRCid":"6868","Tag":"Trade Policy","Contributor":"CQ/Roll Call","Private":"false","Weight":"1"}},
	"add":{"doc":{"id":"b089381e-5eb3-4519-aec0-d6316e3225bd","Category":"Topic","CQRCid":"3831","Tag":"Transportation Safety","Contributor":"CQ/Roll Call","Private":"false","Weight":"1"}},
	"add":{"doc":{"id":"e751c36a-72f5-4e51-91f9-b1ba0884a6ed","Category":"Topic","CQRCid":"3832","Tag":"Transportation-HUD Appropriations/Spending/Budget","Contributor":"CQ/Roll Call","Private":"false","Weight":"1"}},
	"add":{"doc":{"id":"5cd27073-11f2-404c-9190-b787782ecf9c","Category":"Topic","CQRCid":"3797","Tag":"VA Health Care","Contributor":"CQ/Roll Call","Private":"false","Weight":"1"}},
	"add":{"doc":{"id":"a8d4ae0e-ee12-4ad7-a4e5-3467c2c420e1","Category":"Topic","CQRCid":"3835","Tag":"Voting Rights","Contributor":"CQ/Roll Call","Private":"false","Weight":"1"}},
	"add":{"doc":{"id":"50d2e83f-e7bc-44f7-bb07-b5ef353b080e","Category":"Topic","CQRCid":"3881","Tag":"War Spending","Contributor":"CQ/Roll Call","Private":"false","Weight":"1"}},
	"add":{"doc":{"id":"355c78c2-0ae7-4643-853c-83a76164b7db","Category":"Subject","CQRCid":"50","Tag":"Agriculture","Contributor":"CQ/Roll Call","Private":"false","Weight":"1"}},
	"add":{"doc":{"id":"10669953-618d-4008-bceb-0f2a8563c62d","Category":"Subject","CQRCid":"51","Tag":"Appropriations","Contributor":"CQ/Roll Call","Private":"false","Weight":"1"}},
	"add":{"doc":{"id":"023bac88-9a04-43fa-ba3b-52ee8603192f","Category":"Subject","CQRCid":"53","Tag":"Budget","Contributor":"CQ/Roll Call","Private":"false","Weight":"1"}},
	"add":{"doc":{"id":"92e3c04c-ffab-41d6-9ed3-19047a221f92","Category":"Subject","CQRCid":"55","Tag":"Congressional Affairs","Contributor":"CQ/Roll Call","Private":"false","Weight":"1"}},
	"add":{"doc":{"id":"9e820c9d-32e2-4843-90ac-cea5118f81ab","Category":"Subject","CQRCid":"56","Tag":"Defense","Contributor":"CQ/Roll Call","Private":"false","Weight":"1"}},
	"add":{"doc":{"id":"32f927e8-c75c-4659-8eb4-eaa6846a5bba","Category":"Subject","CQRCid":"57","Tag":"Economy","Contributor":"CQ/Roll Call","Private":"false","Weight":"1"}},
	"add":{"doc":{"id":"a0050993-d2c3-4e67-b315-bfe1882a909c","Category":"Subject","CQRCid":"58","Tag":"Education","Contributor":"CQ/Roll Call","Private":"false","Weight":"1"}},
	"add":{"doc":{"id":"b0f1fd0f-7862-4fa4-aea9-759687694a0f","Category":"Subject","CQRCid":"59","Tag":"Employment & Labor","Contributor":"CQ/Roll Call","Private":"false","Weight":"1"}},
	"add":{"doc":{"id":"5c947f50-3416-4750-8e5c-ef55e624e607","Category":"Subject","CQRCid":"60","Tag":"Energy","Contributor":"CQ/Roll Call","Private":"false","Weight":"1"}},
	"add":{"doc":{"id":"7142fa9b-6777-4657-b69d-a9f65760114d","Category":"Subject","CQRCid":"61","Tag":"Environment","Contributor":"CQ/Roll Call","Private":"false","Weight":"1"}},
	"add":{"doc":{"id":"0a4c58e9-df19-4cbf-b4ba-0cd45fa9d72a","Category":"Subject","CQRCid":"62","Tag":"Executive Branch","Contributor":"CQ/Roll Call","Private":"false","Weight":"1"}},
	"add":{"doc":{"id":"af526e16-8648-4e80-850f-2b80086c2168","Category":"Subject","CQRCid":"63","Tag":"Government Operations","Contributor":"CQ/Roll Call","Private":"false","Weight":"1"}},
	"add":{"doc":{"id":"53e89370-aa98-435b-9151-41fa86a2b792","Category":"Subject","CQRCid":"64","Tag":"Health","Contributor":"CQ/Roll Call","Private":"false","Weight":"1"}},
	"add":{"doc":{"id":"62dbfb36-6b9e-40d6-b788-6306e2301e33","Category":"Subject","CQRCid":"65","Tag":"American Indians","Contributor":"CQ/Roll Call","Private":"false","Weight":"1"}},
	"add":{"doc":{"id":"26ee634f-9870-402f-96fe-9fd02f0b4021","Category":"Subject","CQRCid":"69","Tag":"Elections","Contributor":"CQ/Roll Call","Private":"false","Weight":"1"}},
	"add":{"doc":{"id":"b7f321e4-e01e-4a88-b58e-5636787b0394","Category":"Subject","CQRCid":"70","Tag":"Science","Contributor":"CQ/Roll Call","Private":"false","Weight":"1"}},
	"add":{"doc":{"id":"44d77a13-a3f5-4c15-b4a3-9e012f492a02","Category":"Subject","CQRCid":"72","Tag":"Taxes","Contributor":"CQ/Roll Call","Private":"false","Weight":"1"}},
	"add":{"doc":{"id":"98aa0a43-4c23-4584-a050-27354f678962","Category":"Subject","CQRCid":"74","Tag":"Trade","Contributor":"CQ/Roll Call","Private":"false","Weight":"1"}},
	"add":{"doc":{"id":"71283dab-9081-4fba-86e0-d52a81f95879","Category":"Subject","CQRCid":"75","Tag":"Transportation & Infrastructure","Contributor":"CQ/Roll Call","Private":"false","Weight":"1"}},
	"add":{"doc":{"id":"dd1a250b-6665-478e-8bed-f62be5dec4b9","Category":"Subject","CQRCid":"76","Tag":"Veterans","Contributor":"CQ/Roll Call","Private":"false","Weight":"1"}},
	"add":{"doc":{"id":"08a64ae7-1108-4f52-b681-50b16d800c84","Category":"Subject","CQRCid":"77","Tag":"Abortion","Contributor":"CQ/Roll Call","Private":"false","Weight":"1"}},
	"add":{"doc":{"id":"f5e7fa3e-1465-49dd-8a75-00ff8a16ba70","Category":"Subject","CQRCid":"78","Tag":"Homeland Security","Contributor":"CQ/Roll Call","Private":"false","Weight":"1"}},
	"add":{"doc":{"id":"3b272c9e-c8dd-42e4-bbc5-bd2f93be066f","Category":"Subject","CQRCid":"79","Tag":"Immigration","Contributor":"CQ/Roll Call","Private":"false","Weight":"1"}},
	"add":{"doc":{"id":"b5a2c42e-e037-408a-8b2f-8224486ea481","Category":"Subject","CQRCid":"80","Tag":"Intelligence","Contributor":"CQ/Roll Call","Private":"false","Weight":"1"}},
	"add":{"doc":{"id":"1ad767c7-aa51-431d-a585-689a13fc2d02","Category":"Subject","CQRCid":"81","Tag":"Pensions & Retirement","Contributor":"CQ/Roll Call","Private":"false","Weight":"1"}},
	"add":{"doc":{"id":"1e12491f-f9cd-4f0f-90d6-9de0115ea35f","Category":"Subject","CQRCid":"82","Tag":"Regulatory Policy","Contributor":"CQ/Roll Call","Private":"false","Weight":"1"}},
	"add":{"doc":{"id":"878ed70a-68ee-4247-89c3-b0b884ea7ab4","Category":"Subject","CQRCid":"83","Tag":"Welfare & Housing","Contributor":"CQ/Roll Call","Private":"false","Weight":"1"}},
	"add":{"doc":{"id":"a93f6fab-f2e6-4740-bfe3-0c163fdbdc75","Category":"Subject","CQRCid":"84","Tag":"Technology & Communications","Contributor":"CQ/Roll Call","Private":"false","Weight":"1"}},
	"add":{"doc":{"id":"12fb8f7a-a8e6-4957-bf32-cbc656d2cb3d","Category":"Subject","CQRCid":"85","Tag":"Financial Services","Contributor":"CQ/Roll Call","Private":"false","Weight":"1"}},
	"add":{"doc":{"id":"d2d102ae-9586-4672-8a73-7e650d161f8b","Category":"Subject","CQRCid":"86","Tag":"Foreign Policy","Contributor":"CQ/Roll Call","Private":"false","Weight":"1"}},
	"add":{"doc":{"id":"8e2432a9-eeae-4ed1-aec4-9edc5f4c0a49","Category":"Subject","CQRCid":"87","Tag":"Legal Affairs","Contributor":"CQ/Roll Call","Private":"false","Weight":"1"}},
	"add":{"doc":{"id":"0f45c1c2-1fd7-4d1d-abe7-058c39f24671","Category":"Subject","CQRCid":"93","Tag":"Campaign Finance","Contributor":"CQ/Roll Call","Private":"false","Weight":"1"}},
	"add":{"doc":{"id":"a88940fe-e7ff-4911-96d4-82d51b95a1dd","Category":"Subject","CQRCid":"94","Tag":"Lobbying","Contributor":"CQ/Roll Call","Private":"false","Weight":"1"}},
	"add":{"doc":{"id":"c77ab6f3-04d5-4149-9101-6c21706cde14","Category":"Subject","CQRCid":"95","Tag":"Ethics","Contributor":"CQ/Roll Call","Private":"false","Weight":"1"}},
	"add":{"doc":{"id":"b8c4d481-7aea-4536-ac0a-b706d71bba0d","Category":"Subject","CQRCid":"96","Tag":"Business","Contributor":"CQ/Roll Call","Private":"false","Weight":"1"}},
	"add":{"doc":{"id":"385b76e5-09ff-476c-abf7-356c7030951f","Category":"Subject","CQRCid":"97","Tag":"Consumer Affairs","Contributor":"CQ/Roll Call","Private":"false","Weight":"1"}},
	"add":{"doc":{"id":"594332b7-0e11-42b3-b749-3c37b9a0cc38","Category":"Subject","CQRCid":"98","Tag":"Medicare & Medicaid","Contributor":"CQ/Roll Call","Private":"false","Weight":"1"}},
	"add":{"doc":{"id":"8ddb0d02-d381-4775-a050-917b2bf09fc4","Category":"Subject","CQRCid":"100","Tag":"Human Services","Contributor":"CQ/Roll Call","Private":"false","Weight":"1"}},
	"commit": {}}