{
	"add": {
		"doc": {
			"id": "draft_jkeeney_homepage_2015-03-04T13:34:30Z_84eed782-ca4f-11e4-8731-1681e6b88ec1",
			"PageID": "84eed782-ca4f-11e4-8731-1681e6b88ec1",
			"PageType": "Home Page",
			"Active": "true",
			"URLSlug": "",
			"state": "working",
			"PriorState": "draft",
			"Comment": [
				"Rm9yd2FyZGluZyB0byB5b3UgZm9yIHJldmlldw==", "Rm9yd2FyZGluZyB0byB5b3UgZm9yIHJldmlldw=="
			],
			"PostDestination": "SOLR",
			"CreatedBy": "JMReiger",
			"CurrentUser": "Jkeeney",
			"CreatedDate": "2015-03-04T13:34:30Z",
			"UpdateDate": "2015-03-05T09:34:30Z",
			"PublishDate": "2015-03-05T09:34:30Z",
			"Category": [
				"Subject", "Topic"
			],
			"Tag": [
				"Subject|Politics", "Subject|Immigration", "Topic|Repulicans", "Topic|Senate"
			]
		}
	},
	"commit": {}
}